{"homing_offset": [0.0, 1024.0, 1024.0, 0.0, 0.0, 0.0, 1024.0], "drive_mode": [0, 0, 1, 0, 1, 0, 1], "start_pos": [7.9644449898768634, -981.9022249372223, 989.8666553560289, 0.0, -51.2000014247698, 4.551111379420498, 1411.982244676526], "end_pos": [1024.000028495396, -26.168889293303003, -3.4133336104563647, 1050.1689712159566, 1051.306680379465, 1014.8978112007064, -220.72888596478612], "calib_mode": ["DEGREE", "DEGREE", "DEGREE", "DEGREE", "DEGREE", "DEGREE", "DEGREE"], "motor_names": ["shoulder_pan", "shoulder_lift", "elbow_flex", "wrist_roll", "wrist_flex", "gripper_roll", "gripper"]}